Webpage,Preprocessed_Text,Preprocessed_Document
Content,['content'],['content']
KAYAK,['kayak'],['kayak']
Business:,['business'],['busi']
corporate,['corporate'],['corpor']
travel,['travel'],['travel']
management,['management'],['manag']
powered,['powered'],['power']
KAYAK,['kayak'],['kayak']
Skip,['skip'],['skip']
main,['main'],['main']
content,['content'],['content']
Sign,['sign'],['sign']
inFlightsStaysCarsPackagesAsk,['inflightsstayscarspackagesask'],['inflightsstayscarspackagesask']
KAYAKBETAExploreFlight,['kayakbetaexploreflight'],['kayakbetaexploreflight']
TrackerTravel,['trackertravel'],['trackertravel']
tipsBest,['tipsbest'],['tipsbest']
Time,['time'],['time']
TravelKAYAK,['travelkayak'],['travelkayak']
BusinessNEWPrivacy,['businessnewprivacy'],['businessnewprivaci']
PreferencesTripsEnglishArgentinaAustraliaBelgiëFRNLBoliviaBrasilCanadaENFRChile中国ColombiaCosta,['preferencestripsenglishargentinaaustraliabelgiëfrnlboliviabrasilcanadaenfrchile中国colombiacosta'],['preferencestripsenglishargentinaaustraliabelgiëfrnlboliviabrasilcanadaenfrchile中国colombiacosta']
RicaDanmarkDeutschlandDEENEcuadorEl,['ricadanmarkdeutschlanddeenecuadorel'],['ricadanmarkdeutschlanddeenecuadorel']
SalvadorEspañaESCAFranceΕλλάδαGuatemalaHonduras香港EN繁IndiaIndonesiaIDENIrelandIsraelENHEItalia日本MalaysiaENBMMéxicoNederlandNew,['salvadorespañaescafranceελλάδαguatemalahonduras香港en繁indiaindonesiaidenirelandisraelenheitalia日本malaysiaenbmméxiconederlandnew'],['salvadorespañaescafranceελλάδαguatemalahonduras香港en繁indiaindonesiaidenirelandisraelenheitalia日本malaysiaenbmméxiconederlandnew']
ZealandNicaraguaNorgePanamáParaguayPerúPhilippinesPolskaPortugalPuerto,['zealandnicaraguanorgepanamáparaguayperúphilippinespolskaportugalpuerto'],['zealandnicaraguanorgepanamáparaguayperúphilippinespolskaportugalpuerto']
RicoRepública,['ricorepública'],['ricorepública']
DominicanaRomâniaSchweizFRDESingaporeEN简South,['dominicanaromâniaschweizfrdesingaporeen简south'],['dominicanaromâniaschweizfrdesingaporeen简south']
Africa대한민국SuomiSverige台灣TürkiyeUnited,['africa대한민국suomisverige台灣türkiyeunited'],['africa대한민국suomisverige台灣türkiyeunit']
Arab,['arab'],['arab']
EmiratesUnited,['emiratesunited'],['emiratesunit']
KingdomUnited,['kingdomunited'],['kingdomunit']
StatesENESUruguayVenezuelaViệt,['statesenesuruguayvenezuelaviệt'],['statesenesuruguayvenezuelaviêt']
NamENVIÖsterreichČeská,['namenviösterreichčeská'],['namenviösterreichčeská']
republikaУкраїнаSaudi,['republikaукраїнаsaudi'],['republikaукраїнаsaudi']
ArabiaARENประเทศไทยTHENPick,['arabiaarenประเทศไทยthenpick'],['arabiaarenประเทศไทยthenpick']
plan,['plan'],['plan']
takes,['takes'],['take']
company,['company'],['compani']
places.KAYAK,['places.kayak'],['placeskayak']
BusinessBizFreeSign,['businessbizfreesign'],['businessbizfreesign']
nowThrifty,['nowthrifty'],['nowthrifti']
travel,['travel'],['travel']
small,['small'],['small']
companies,['companies'],['compani']
solo,['solo'],['solo']
business,['business'],['busi']
travelers,['travelers'],['travel']
looking,['looking'],['look']
maximize,['maximize'],['maxim']
miles.Basic,['miles.basic'],['milesbas']
travel,['travel'],['travel']
management.Included,['management.included'],['managementinclud']
BizPolicy,['bizpolicy'],['bizpolici']
approvalIncluded,['approvalincluded'],['approvalinclud']
BizDiscounted,['bizdiscounted'],['bizdiscount']
ratesIncluded,['ratesincluded'],['ratesinclud']
BizLoyalty,['bizloyalty'],['bizloyalti']
programsIncluded,['programsincluded'],['programsinclud']
BizExpense,['bizexpense'],['bizexpens']
integrationIncluded,['integrationincluded'],['integrationinclud']
BizKAYAK,['bizkayak'],['bizkayak']
appCompare,['appcompare'],['appcompar']
featuresBiz+Coming,['featuresbiz+coming'],['featuresbizcom']
flat,['flat'],['flat']
fee,['fee'],['fee']
per,['per'],['per']
tripGet,['tripget'],['tripget']
early,['early'],['earli']
accessOne-stop,['accessone-stop'],['accessonestop']
shop,['shop'],['shop']
booking,['booking'],['book']
oversight,['oversight'],['oversight']
midsize,['midsize'],['midsiz']
companies,['companies'],['compani']
scale,['scale'],['scale']
ups.,['ups'],['up']
subscription,['subscription'],['subscript']
needed.Everything,['needed.everything'],['neededeveryth']
included,['included'],['includ']
Biz,['biz'],['biz']
and:Included,['included'],['andinclud']
Biz,['biz'],['biz']
agent,['agent'],['agent']
supportIncluded,['supportincluded'],['supportinclud']
Biz,['biz'],['biz']
plusCompany,['pluscompany'],['pluscompani']
credit,['credit'],['credit']
cardIncluded,['cardincluded'],['cardinclud']
Biz,['biz'],['biz']
plusGuest,['plusguest'],['plusguest']
bookingIncluded,['bookingincluded'],['bookinginclud']
Biz,['biz'],['biz']
plusBook,['plusbook'],['plusbook']
colleagueIncluded,['colleagueincluded'],['colleagueinclud']
Biz,['biz'],['biz']
plusAdvanced,['plusadvanced'],['plusadvanc']
reportingCompare,['reportingcompare'],['reportingcompar']
featuresEnterpriseCustom,['featuresenterprisecustom'],['featuresenterprisecustom']
pricingFind,['pricingfind'],['pricingfind']
moreComprehensive,['morecomprehensive'],['morecomprehens']
travel,['travel'],['travel']
management,['management'],['manag']
large,['large'],['larg']
corporations,['corporations'],['corpor']
bespoke,['bespoke'],['bespok']
requirements.Everything,['requirements.everything'],['requirementseveryth']
included,['included'],['includ']
Biz+,['biz+'],['biz']
and:Included,['included'],['andinclud']
EnterpriseVIP,['enterprisevip'],['enterprisevip']
agent,['agent'],['agent']
supportIncluded,['supportincluded'],['supportinclud']
EnterpriseDirect,['enterprisedirect'],['enterprisedirect']
billingIncluded,['billingincluded'],['billinginclud']
EnterpriseNo,['enterpriseno'],['enterpriseno']
expense,['expense'],['expens']
reportsIncluded,['reportsincluded'],['reportsinclud']
EnterpriseDedicated,['enterprisededicated'],['enterpriseded']
account,['account'],['account']
managementIncluded,['managementincluded'],['managementinclud']
EnterpriseCustom,['enterprisecustom'],['enterprisecustom']
negotiated,['negotiated'],['negoti']
contentCompare,['contentcompare'],['contentcompar']
featuresBizFreeSign,['featuresbizfreesign'],['featuresbizfreesign']
nowThrifty,['nowthrifty'],['nowthrifti']
travel,['travel'],['travel']
small,['small'],['small']
companies,['companies'],['compani']
solo,['solo'],['solo']
business,['business'],['busi']
travelers,['travelers'],['travel']
looking,['looking'],['look']
maximize,['maximize'],['maxim']
miles.Basic,['miles.basic'],['milesbas']
travel,['travel'],['travel']
management.Included,['management.included'],['managementinclud']
BizPolicy,['bizpolicy'],['bizpolici']
approvalIncluded,['approvalincluded'],['approvalinclud']
BizDiscounted,['bizdiscounted'],['bizdiscount']
ratesIncluded,['ratesincluded'],['ratesinclud']
BizLoyalty,['bizloyalty'],['bizloyalti']
programsIncluded,['programsincluded'],['programsinclud']
BizExpense,['bizexpense'],['bizexpens']
integrationIncluded,['integrationincluded'],['integrationinclud']
BizKAYAK,['bizkayak'],['bizkayak']
appBiz+Coming,['appbiz+coming'],['appbizcom']
flat,['flat'],['flat']
fee,['fee'],['fee']
per,['per'],['per']
tripGet,['tripget'],['tripget']
early,['early'],['earli']
accessOne-stop,['accessone-stop'],['accessonestop']
shop,['shop'],['shop']
booking,['booking'],['book']
oversight,['oversight'],['oversight']
midsize,['midsize'],['midsiz']
companies,['companies'],['compani']
scale,['scale'],['scale']
ups.,['ups'],['up']
subscription,['subscription'],['subscript']
needed.Everything,['needed.everything'],['neededeveryth']
included,['included'],['includ']
Biz,['biz'],['biz']
and:Included,['included'],['andinclud']
Biz,['biz'],['biz']
agent,['agent'],['agent']
supportIncluded,['supportincluded'],['supportinclud']
Biz,['biz'],['biz']
plusCompany,['pluscompany'],['pluscompani']
credit,['credit'],['credit']
cardIncluded,['cardincluded'],['cardinclud']
Biz,['biz'],['biz']
plusGuest,['plusguest'],['plusguest']
bookingIncluded,['bookingincluded'],['bookinginclud']
Biz,['biz'],['biz']
plusBook,['plusbook'],['plusbook']
colleagueIncluded,['colleagueincluded'],['colleagueinclud']
Biz,['biz'],['biz']
plusAdvanced,['plusadvanced'],['plusadvanc']
reportingEnterpriseCustom,['reportingenterprisecustom'],['reportingenterprisecustom']
pricingFind,['pricingfind'],['pricingfind']
moreComprehensive,['morecomprehensive'],['morecomprehens']
travel,['travel'],['travel']
management,['management'],['manag']
large,['large'],['larg']
corporations,['corporations'],['corpor']
bespoke,['bespoke'],['bespok']
requirements.Everything,['requirements.everything'],['requirementseveryth']
included,['included'],['includ']
Biz+,['biz+'],['biz']
and:Included,['included'],['andinclud']
EnterpriseVIP,['enterprisevip'],['enterprisevip']
agent,['agent'],['agent']
supportIncluded,['supportincluded'],['supportinclud']
EnterpriseDirect,['enterprisedirect'],['enterprisedirect']
billingIncluded,['billingincluded'],['billinginclud']
EnterpriseNo,['enterpriseno'],['enterpriseno']
expense,['expense'],['expens']
reportsIncluded,['reportsincluded'],['reportsinclud']
EnterpriseDedicated,['enterprisededicated'],['enterpriseded']
account,['account'],['account']
managementIncluded,['managementincluded'],['managementinclud']
EnterpriseCustom,['enterprisecustom'],['enterprisecustom']
negotiated,['negotiated'],['negoti']
contentNot,['contentnot'],['contentnot']
sure,['sure'],['sure']
plan,['plan'],['plan']
right,['right'],['right']
business?,['business'],['busi']
help.,['help'],['help']
Contact,['contact'],['contact']
usCount,['uscount'],['uscount']
minMinimum,['minminimum'],['minminimum']
time,['time'],['time']
per,['per'],['per']
app,['app'],['app']
supportedMobile-first,['supportedmobile-first'],['supportedmobilefirst']
designIntuitive,['designintuitive'],['designintuit']
user,['user'],['user']
experience,['experience'],['experi']
leveraging,['leveraging'],['leverag']
KAYAK’s,"['kayak', '’']",['kayak']
leisure,['leisure'],['leisur']
travel,['travel'],['travel']
background.,['background'],['background']
Book,['book'],['book']
work,['work'],['work']
trip,['trip'],['trip']
ease,['ease'],['eas']
simplicity,['simplicity'],['simplic']
personal,['personal'],['person']
trip.Leader,['trip.leader'],['triplead']
travel,['travel'],['travel']
contentComprehensive,['contentcomprehensive'],['contentcomprehens']
booking,['booking'],['book']
options,['options'],['option']
thousands,['thousands'],['thousand']
"airlines,",['airlines'],['airlin']
hotels,['hotels'],['hotel']
car,['car'],['car']
rentals.,['rentals'],['rental']
KAYAK,['kayak'],['kayak']
"Business,",['business'],['busi']
"trip,",['trip'],['trip']
way.Loyalty,['way.loyalty'],['wayloyalti']
recognitionCollect,['recognitioncollect'],['recognitioncollect']
"miles,",['miles'],['mile']
rewards,['rewards'],['reward']
points,['points'],['point']
leading,['leading'],['lead']
loyalty,['loyalty'],['loyalti']
programs.,['programs'],['program']
Double,['double'],['doubl']
dip,['dip'],['dip']
rewards,['rewards'],['reward']
travelers,['travelers'],['travel']
companies,['companies'],['compani']
alike.Cost,['alike.cost'],['alikecost']
savingSave,['savingsave'],['savingsav']
company,['company'],['compani']
travel,['travel'],['travel']
access,['access'],['access']
discounted,['discounted'],['discount']
rates,['rates'],['rate']
corporate,['corporate'],['corpor']
loyalty,['loyalty'],['loyalti']
programs,['programs'],['program']
offering,['offering'],['offer']
perks,['perks'],['perk']
amenities.Read,['amenities.read'],['amenitiesread']
success,['success'],['success']
storiesEnterprise“KAYAK,"['storiesenterprise', '“', 'kayak']",['storiesenterprisekayak']
Business,['business'],['busi']
helped,['helped'],['help']
PwC,['pwc'],['pwc']
bring,['bring'],['bring']
travel,['travel'],['travel']
program,['program'],['program']
strategy,['strategy'],['strategi']
life.,['life'],['life']
Travelers,['travelers'],['travel']
appreciate,['appreciate'],['appreci']
easy,['easy'],['easi']
book,['book'],['book']
modify,['modify'],['modifi']
trips,['trips'],['trip']
web,['web'],['web']
mobile,['mobile'],['mobil']
"app,",['app'],['app']
excited,['excited'],['excit']
bypassing,['bypassing'],['bypass']
expense,['expense'],['expens']
reports.”Eric,"['reports.', '”', 'eric']",['reportser']
GrayPwCBiz“KAYAK,"['graypwcbiz', '“', 'kayak']",['graypwcbizkayak']
Business,['business'],['busi']
huge,['huge'],['huge']
asset,['asset'],['asset']
travel,['travel'],['travel']
program.,['program'],['program']
simplifies,['simplifies'],['simplifi']
policy,['policy'],['polici']
approval,['approval'],['approv']
gives,['gives'],['give']
us,['us'],['us']
visibility,['visibility'],['visibl']
trips,['trips'],['trip']
glance.,['glance'],['glanc']
made,['made'],['made']
travel,['travel'],['travel']
management,['management'],['manag']
breeze.”Veronica,"['breeze.', '”', 'veronica']",['breezeveronica']
ThorpeTechInsightsBiz“Our,"['thorpetechinsightsbiz', '“']",['thorpetechinsightsbizour']
travelers,['travelers'],['travel']
love,['love'],['love']
KAYAK,['kayak'],['kayak']
Business,['business'],['busi']
easy,['easy'],['easi']
use,['use'],['use']
booking,['booking'],['book']
business,['business'],['busi']
trip,['trip'],['trip']
easy,['easy'],['easi']
booking,['booking'],['book']
weekend,['weekend'],['weekend']
getaway,['getaway'],['getaway']
friends.”Mateusz,"['friends.', '”', 'mateusz']",['friendsmateusz']
SlósarskiSamba,['slósarskisamba'],['slósarskisamba']
TVBiz“Our,"['tvbiz', '“']",['tvbizour']
travelers,['travelers'],['travel']
love,['love'],['love']
KAYAK,['kayak'],['kayak']
Business,['business'],['busi']
easy,['easy'],['easi']
use,['use'],['use']
booking,['booking'],['book']
business,['business'],['busi']
trip,['trip'],['trip']
easy,['easy'],['easi']
booking,['booking'],['book']
weekend,['weekend'],['weekend']
getaway,['getaway'],['getaway']
friends.”Mateusz,"['friends.', '”', 'mateusz']",['friendsmateusz']
SlósarskiSamba,['slósarskisamba'],['slósarskisamba']
TVEnterprise“KAYAK,"['tventerprise', '“', 'kayak']",['tventerprisekayak']
Business,['business'],['busi']
helped,['helped'],['help']
PwC,['pwc'],['pwc']
bring,['bring'],['bring']
travel,['travel'],['travel']
program,['program'],['program']
strategy,['strategy'],['strategi']
life.,['life'],['life']
Travelers,['travelers'],['travel']
appreciate,['appreciate'],['appreci']
easy,['easy'],['easi']
book,['book'],['book']
modify,['modify'],['modifi']
trips,['trips'],['trip']
web,['web'],['web']
mobile,['mobile'],['mobil']
"app,",['app'],['app']
excited,['excited'],['excit']
bypassing,['bypassing'],['bypass']
expense,['expense'],['expens']
reports.”Eric,"['reports.', '”', 'eric']",['reportser']
GrayPwCBiz“KAYAK,"['graypwcbiz', '“', 'kayak']",['graypwcbizkayak']
Business,['business'],['busi']
huge,['huge'],['huge']
asset,['asset'],['asset']
travel,['travel'],['travel']
program.,['program'],['program']
simplifies,['simplifies'],['simplifi']
policy,['policy'],['polici']
approval,['approval'],['approv']
gives,['gives'],['give']
us,['us'],['us']
visibility,['visibility'],['visibl']
trips,['trips'],['trip']
glance.,['glance'],['glanc']
made,['made'],['made']
travel,['travel'],['travel']
management,['management'],['manag']
breeze.”Veronica,"['breeze.', '”', 'veronica']",['breezeveronica']
ThorpeTechInsightsBiz“Our,"['thorpetechinsightsbiz', '“']",['thorpetechinsightsbizour']
travelers,['travelers'],['travel']
love,['love'],['love']
KAYAK,['kayak'],['kayak']
Business,['business'],['busi']
easy,['easy'],['easi']
use,['use'],['use']
booking,['booking'],['book']
business,['business'],['busi']
trip,['trip'],['trip']
easy,['easy'],['easi']
booking,['booking'],['book']
weekend,['weekend'],['weekend']
getaway,['getaway'],['getaway']
friends.”Mateusz,"['friends.', '”', 'mateusz']",['friendsmateusz']
SlósarskiSamba,['slósarskisamba'],['slósarskisamba']
TVEnterprise“KAYAK,"['tventerprise', '“', 'kayak']",['tventerprisekayak']
Business,['business'],['busi']
helped,['helped'],['help']
PwC,['pwc'],['pwc']
bring,['bring'],['bring']
travel,['travel'],['travel']
program,['program'],['program']
strategy,['strategy'],['strategi']
life.,['life'],['life']
Travelers,['travelers'],['travel']
appreciate,['appreciate'],['appreci']
easy,['easy'],['easi']
book,['book'],['book']
modify,['modify'],['modifi']
trips,['trips'],['trip']
web,['web'],['web']
mobile,['mobile'],['mobil']
"app,",['app'],['app']
excited,['excited'],['excit']
bypassing,['bypassing'],['bypass']
expense,['expense'],['expens']
reports.”Eric,"['reports.', '”', 'eric']",['reportser']
GrayPwCBiz“KAYAK,"['graypwcbiz', '“', 'kayak']",['graypwcbizkayak']
Business,['business'],['busi']
huge,['huge'],['huge']
asset,['asset'],['asset']
travel,['travel'],['travel']
program.,['program'],['program']
simplifies,['simplifies'],['simplifi']
policy,['policy'],['polici']
approval,['approval'],['approv']
gives,['gives'],['give']
us,['us'],['us']
visibility,['visibility'],['visibl']
trips,['trips'],['trip']
glance.,['glance'],['glanc']
made,['made'],['made']
travel,['travel'],['travel']
management,['management'],['manag']
breeze.”Veronica,"['breeze.', '”', 'veronica']",['breezeveronica']
ThorpeTechInsightsBiz“Our,"['thorpetechinsightsbiz', '“']",['thorpetechinsightsbizour']
travelers,['travelers'],['travel']
love,['love'],['love']
KAYAK,['kayak'],['kayak']
Business,['business'],['busi']
easy,['easy'],['easi']
use,['use'],['use']
booking,['booking'],['book']
business,['business'],['busi']
trip,['trip'],['trip']
easy,['easy'],['easi']
booking,['booking'],['book']
weekend,['weekend'],['weekend']
getaway,['getaway'],['getaway']
friends.”Mateusz,"['friends.', '”', 'mateusz']",['friendsmateusz']
SlósarskiSamba,['slósarskisamba'],['slósarskisamba']
TVGo,['tvgo'],['tvgo']
testimonialGo,['testimonialgo'],['testimonialgo']
testimonialGo,['testimonialgo'],['testimonialgo']
testimonialExplore,['testimonialexplore'],['testimonialexplor']
KAYAK,['kayak'],['kayak']
BusinessBizFor,['businessbizfor'],['businessbizfor']
small,['small'],['small']
companies,['companies'],['compani']
solo,['solo'],['solo']
business,['business'],['busi']
travelersCompare,['travelerscompare'],['travelerscompar']
prices,['prices'],['price']
thousands,['thousands'],['thousand']
travel,['travel'],['travel']
providers,['providers'],['provid']
access,['access'],['access']
discounted,['discounted'],['discount']
rates,['rates'],['rate']
plan,['plan'],['plan']
next,['next'],['next']
work,['work'],['work']
trip.,['trip'],['trip']
Biz,['biz'],['biz']
completely,['completely'],['complet']
free,['free'],['free']
charge,['charge'],['charg']
long,['long'],['long']
use,['use'],['use']
it.Set,['it.set'],['itset']
policy,['policy'],['polici']
approval,['approval'],['approv']
flows,['flows'],['flow']
minutes,['minutes'],['minut']
keep,['keep'],['keep']
top,['top'],['top']
travel,['travel'],['travel']
spendIntegrate,['spendintegrate'],['spendintegr']
tools,['tools'],['tool']
like,['like'],['like']
Slack,['slack'],['slack']
Expensify,['expensify'],['expensifi']
make,['make'],['make']
company,['company'],['compani']
travel,['travel'],['travel']
even,['even'],['even']
easierUse,['easieruse'],['easierus']
award-winning,['award-winning'],['awardwin']
KAYAK,['kayak'],['kayak']
app,['app'],['app']
on-the-go,['on-the-go'],['onthego']
booking,['booking'],['book']
itinerary,['itinerary'],['itinerari']
changesSign,['changessign'],['changessign']
nowBiz+For,['nowbiz+for'],['nowbizfor']
midsize,['midsize'],['midsiz']
companies,['companies'],['compani']
scale,['scale'],['scale']
upsBook,['upsbook'],['upsbook']
trips,['trips'],['trip']
directly,['directly'],['directli']
KAYAK,['kayak'],['kayak']
Business,['business'],['busi']
little,['little'],['littl']
minute,['minute'],['minut']
give,['give'],['give']
team,['team'],['team']
unrivaled,['unrivaled'],['unriv']
travel,['travel'],['travel']
experience.,['experience'],['experi']
"Biz+,",['biz+'],['biz']
subscription,['subscription'],['subscript']
hidden,['hidden'],['hidden']
fees.,['fees'],['fee']
pay,['pay'],['pay']
book.Manage,['book.manage'],['bookmanag']
last-minute,['last-minute'],['lastminut']
bookings,['bookings'],['book']
travel,['travel'],['travel']
disruption,['disruption'],['disrupt']
agent,['agent'],['agent']
supportAccess,['supportaccess'],['supportaccess']
advanced,['advanced'],['advanc']
booking,['booking'],['book']
options,['options'],['option']
like,['like'],['like']
booking,['booking'],['book']
colleagues,['colleagues'],['colleagu']
guestsEnhance,['guestsenhance'],['guestsenh']
duty,['duty'],['duti']
care,['care'],['care']
track,['track'],['track']
travel,['travel'],['travel']
metrics,['metrics'],['metric']
enhanced,['enhanced'],['enhanc']
reportingGet,['reportingget'],['reportingget']
early,['early'],['earli']
accessEnterpriseFor,['accessenterprisefor'],['accessenterprisefor']
large,['large'],['larg']
corporationsExperience,['corporationsexperience'],['corporationsexperi']
best-in-class,['best-in-class'],['bestinclass']
NDC,['ndc'],['ndc']
direct,['direct'],['direct']
integrations,['integrations'],['integr']
full,['full'],['full']
control,['control'],['control']
travel,['travel'],['travel']
content.,['content'],['content']
Enterprise,['enterprise'],['enterpris']
unlocks,['unlocks'],['unlock']
personalized,['personalized'],['person']
booking,['booking'],['book']
omni-channel,['omni-channel'],['omnichannel']
"servicing,",['servicing'],['servic']
giving,['giving'],['give']
travelers,['travelers'],['travel']
unrivaled,['unrivaled'],['unriv']
experience.Eliminate,['experience.eliminate'],['experienceelimin']
expense,['expense'],['expens']
reports,['reports'],['report']
booking,['booking'],['book']
via,['via'],['via']
project,['project'],['project']
code,['code'],['code']
supplier,['supplier'],['supplier']
direct,['direct'],['direct']
billingGet,['billingget'],['billingget']
real-time,['real-time'],['realtim']
data,['data'],['data']
visibility,['visibility'],['visibl']
next,['next'],['next']
generation,['generation'],['gener']
ERP-integrated,['erp-integrated'],['erpintegr']
reportingBenefit,['reportingbenefit'],['reportingbenefit']
dedicated,['dedicated'],['dedic']
account,['account'],['account']
management,['management'],['manag']
help,['help'],['help']
maximize,['maximize'],['maxim']
travel,['travel'],['travel']
programFind,['programfind'],['programfind']
moreDetailed,['moredetailed'],['moredetail']
comparisonTravel,['comparisontravel'],['comparisontravel']
managementBizBiz+EnterprisePoliciesPolicies,['managementbizbiz+enterprisepoliciespolicies'],['managementbizbizenterprisepoliciespolici']
Included,['included'],['includ']
BizPolicies,['bizpolicies'],['bizpolici']
Included,['included'],['includ']
Biz,['biz'],['biz']
plusPolicies,['pluspolicies'],['pluspolici']
Included,['included'],['includ']
EnterprisePolicy,['enterprisepolicy'],['enterprisepolici']
groupsPolicy,['groupspolicy'],['groupspolici']
groups,['groups'],['group']
Included,['included'],['includ']
BizPolicy,['bizpolicy'],['bizpolici']
groups,['groups'],['group']
Included,['included'],['includ']
Biz,['biz'],['biz']
plusPolicy,['pluspolicy'],['pluspolici']
groups,['groups'],['group']
Included,['included'],['includ']
EnterpriseApprovalApproval,['enterpriseapprovalapproval'],['enterpriseapprovalapprov']
Included,['included'],['includ']
BizApproval,['bizapproval'],['bizapprov']
Included,['included'],['includ']
Biz,['biz'],['biz']
plusApproval,['plusapproval'],['plusapprov']
Included,['included'],['includ']
EnterpriseTraveler,['enterprisetraveler'],['enterprisetravel']
profilesTraveler,['profilestraveler'],['profilestravel']
profiles,['profiles'],['profil']
Included,['included'],['includ']
BizTraveler,['biztraveler'],['biztravel']
profiles,['profiles'],['profil']
Included,['included'],['includ']
Biz,['biz'],['biz']
plusTraveler,['plustraveler'],['plustravel']
profiles,['profiles'],['profil']
Included,['included'],['includ']
EnterpriseUser,['enterpriseuser'],['enterpriseus']
provisioningUser,['provisioninguser'],['provisioningus']
provisioning,['provisioning'],['provis']
Included,['included'],['includ']
BizUser,['bizuser'],['bizus']
provisioning,['provisioning'],['provis']
Included,['included'],['includ']
Biz,['biz'],['biz']
plusUser,['plususer'],['plusus']
provisioning,['provisioning'],['provis']
Included,['included'],['includ']
EnterpriseCompany,['enterprisecompany'],['enterprisecompani']
profilesCompany,['profilescompany'],['profilescompani']
profiles,['profiles'],['profil']
Included,['included'],['includ']
BizCompany,['bizcompany'],['bizcompani']
profiles,['profiles'],['profil']
Included,['included'],['includ']
Biz,['biz'],['biz']
plusCompany,['pluscompany'],['pluscompani']
profiles,['profiles'],['profil']
Included,['included'],['includ']
EnterpriseOffice,['enterpriseoffice'],['enterpriseoffic']
locationsOffice,['locationsoffice'],['locationsoffic']
locations,['locations'],['locat']
Included,['included'],['includ']
BizOffice,['bizoffice'],['bizoffic']
locations,['locations'],['locat']
Included,['included'],['includ']
Biz,['biz'],['biz']
plusOffice,['plusoffice'],['plusoffic']
locations,['locations'],['locat']
Included,['included'],['includ']
EnterpriseBookingBizBiz+EnterprisePersonal,['enterprisebookingbizbiz+enterprisepersonal'],['enterprisebookingbizbizenterpriseperson']
loyalty,['loyalty'],['loyalti']
programsPersonal,['programspersonal'],['programsperson']
loyalty,['loyalty'],['loyalti']
programs,['programs'],['program']
Included,['included'],['includ']
BizPersonal,['bizpersonal'],['bizperson']
loyalty,['loyalty'],['loyalti']
programs,['programs'],['program']
Included,['included'],['includ']
Biz,['biz'],['biz']
plusPersonal,['pluspersonal'],['plusperson']
loyalty,['loyalty'],['loyalti']
programs,['programs'],['program']
Included,['included'],['includ']
EnterpriseCompany,['enterprisecompany'],['enterprisecompani']
loyalty,['loyalty'],['loyalti']
programsCompany,['programscompany'],['programscompani']
loyalty,['loyalty'],['loyalti']
programs,['programs'],['program']
Included,['included'],['includ']
BizCompany,['bizcompany'],['bizcompani']
loyalty,['loyalty'],['loyalti']
programs,['programs'],['program']
Included,['included'],['includ']
Biz,['biz'],['biz']
plusCompany,['pluscompany'],['pluscompani']
loyalty,['loyalty'],['loyalti']
programs,['programs'],['program']
Included,['included'],['includ']
EnterpriseBook,['enterprisebook'],['enterprisebook']
KAYAKBook,['kayakbook'],['kayakbook']
KAYAK,['kayak'],['kayak']
included,['included'],['includ']
BizBook,['bizbook'],['bizbook']
KAYAK,['kayak'],['kayak']
Included,['included'],['includ']
Biz,['biz'],['biz']
plusBook,['plusbook'],['plusbook']
KAYAK,['kayak'],['kayak']
Included,['included'],['includ']
EnterpriseTravel,['enterprisetravel'],['enterprisetravel']
arrangerTravel,['arrangertravel'],['arrangertravel']
arranger,['arranger'],['arrang']
included,['included'],['includ']
BizTravel,['biztravel'],['biztravel']
arranger,['arranger'],['arrang']
Included,['included'],['includ']
Biz,['biz'],['biz']
plusTravel,['plustravel'],['plustravel']
arranger,['arranger'],['arrang']
Included,['included'],['includ']
EnterpriseGuest,['enterpriseguest'],['enterpriseguest']
bookingGuest,['bookingguest'],['bookingguest']
booking,['booking'],['book']
included,['included'],['includ']
BizGuest,['bizguest'],['bizguest']
booking,['booking'],['book']
Included,['included'],['includ']
Biz,['biz'],['biz']
plusGuest,['plusguest'],['plusguest']
booking,['booking'],['book']
Included,['included'],['includ']
EnterpriseMulti-item,['enterprisemulti-item'],['enterprisemultiitem']
checkoutMulti-item,['checkoutmulti-item'],['checkoutmultiitem']
checkout,['checkout'],['checkout']
included,['included'],['includ']
BizMulti-item,['bizmulti-item'],['bizmultiitem']
checkout,['checkout'],['checkout']
Included,['included'],['includ']
Biz,['biz'],['biz']
plusMulti-item,['plusmulti-item'],['plusmultiitem']
checkout,['checkout'],['checkout']
Included,['included'],['includ']
EnterpriseGroup,['enterprisegroup'],['enterprisegroup']
bookingGroup,['bookinggroup'],['bookinggroup']
booking,['booking'],['book']
included,['included'],['includ']
BizGroup,['bizgroup'],['bizgroup']
booking,['booking'],['book']
Included,['included'],['includ']
Biz,['biz'],['biz']
plusGroup,['plusgroup'],['plusgroup']
booking,['booking'],['book']
Included,['included'],['includ']
EnterpriseUnused,['enterpriseunused'],['enterpriseunus']
ticket,['ticket'],['ticket']
vouchersUnused,['vouchersunused'],['vouchersunus']
ticket,['ticket'],['ticket']
vouchers,['vouchers'],['voucher']
included,['included'],['includ']
BizUnused,['bizunused'],['bizunus']
ticket,['ticket'],['ticket']
vouchers,['vouchers'],['voucher']
Included,['included'],['includ']
Biz,['biz'],['biz']
plusUnused,['plusunused'],['plusunus']
ticket,['ticket'],['ticket']
vouchers,['vouchers'],['voucher']
Included,['included'],['includ']
EnterpriseSplit,['enterprisesplit'],['enterprisesplit']
ticketingSplit,['ticketingsplit'],['ticketingsplit']
ticketing,['ticketing'],['ticket']
included,['included'],['includ']
BizSplit,['bizsplit'],['bizsplit']
ticketing,['ticketing'],['ticket']
included,['included'],['includ']
Biz,['biz'],['biz']
plusSplit,['plussplit'],['plussplit']
ticketing,['ticketing'],['ticket']
Included,['included'],['includ']
EnterpriseServicingBizBiz+EnterpriseChat,['enterpriseservicingbizbiz+enterprisechat'],['enterpriseservicingbizbizenterprisechat']
functionalityChat,['functionalitychat'],['functionalitychat']
functionality,['functionality'],['function']
included,['included'],['includ']
BizChat,['bizchat'],['bizchat']
functionality,['functionality'],['function']
Included,['included'],['includ']
Biz,['biz'],['biz']
plusChat,['pluschat'],['pluschat']
functionality,['functionality'],['function']
Included,['included'],['includ']
agent,['agent'],['agent']
agent,['agent'],['agent']
support,['support'],['support']
included,['included'],['includ']
agent,['agent'],['agent']
support,['support'],['support']
Included,['included'],['includ']
Biz,['biz'],['biz']
agent,['agent'],['agent']
support,['support'],['support']
Included,['included'],['includ']
EnterpriseVIP,['enterprisevip'],['enterprisevip']
agent,['agent'],['agent']
supportVIP,['supportvip'],['supportvip']
agent,['agent'],['agent']
support,['support'],['support']
included,['included'],['includ']
BizVIP,['bizvip'],['bizvip']
agent,['agent'],['agent']
support,['support'],['support']
included,['included'],['includ']
Biz,['biz'],['biz']
plusVIP,['plusvip'],['plusvip']
agent,['agent'],['agent']
support,['support'],['support']
Included,['included'],['includ']
EnterpriseRelocation,['enterpriserelocation'],['enterprisereloc']
serviceRelocation,['servicerelocation'],['servicereloc']
service,['service'],['servic']
included,['included'],['includ']
BizRelocation,['bizrelocation'],['bizreloc']
service,['service'],['servic']
included,['included'],['includ']
Biz,['biz'],['biz']
plusRelocation,['plusrelocation'],['plusreloc']
service,['service'],['servic']
Included,['included'],['includ']
EnterpriseInternational,['enterpriseinternational'],['enterpriseintern']
rate,['rate'],['rate']
deskInternational,['deskinternational'],['deskintern']
rate,['rate'],['rate']
desk,['desk'],['desk']
included,['included'],['includ']
BizInternational,['bizinternational'],['bizintern']
rate,['rate'],['rate']
desk,['desk'],['desk']
included,['included'],['includ']
Biz,['biz'],['biz']
plusInternational,['plusinternational'],['plusintern']
rate,['rate'],['rate']
desk,['desk'],['desk']
Included,['included'],['includ']
EnterpriseOmni-channel,['enterpriseomni-channel'],['enterpriseomnichannel']
servicingOmni-channel,['servicingomni-channel'],['servicingomnichannel']
servicing,['servicing'],['servic']
included,['included'],['includ']
BizOmni-channel,['bizomni-channel'],['bizomnichannel']
servicing,['servicing'],['servic']
included,['included'],['includ']
Biz,['biz'],['biz']
plusOmni-channel,['plusomni-channel'],['plusomnichannel']
servicing,['servicing'],['servic']
Included,['included'],['includ']
EnterpriseDedicated,['enterprisededicated'],['enterpriseded']
agentsDedicated,['agentsdedicated'],['agentsded']
agents,['agents'],['agent']
included,['included'],['includ']
BizDedicated,['bizdedicated'],['bizded']
agents,['agents'],['agent']
included,['included'],['includ']
Biz,['biz'],['biz']
plusDedicated,['plusdedicated'],['plusded']
agents,['agents'],['agent']
Included,['included'],['includ']
EnterpriseReportingBizBiz+EnterpriseBasic,['enterprisereportingbizbiz+enterprisebasic'],['enterprisereportingbizbizenterprisebas']
reportingBasic,['reportingbasic'],['reportingbas']
reporting,['reporting'],['report']
Included,['included'],['includ']
BizBasic,['bizbasic'],['bizbas']
reporting,['reporting'],['report']
Included,['included'],['includ']
Biz,['biz'],['biz']
plusBasic,['plusbasic'],['plusbas']
reporting,['reporting'],['report']
Included,['included'],['includ']
EnterpriseAdvanced,['enterpriseadvanced'],['enterpriseadvanc']
reportingAdvanced,['reportingadvanced'],['reportingadvanc']
reporting,['reporting'],['report']
included,['included'],['includ']
BizAdvanced,['bizadvanced'],['bizadvanc']
reporting,['reporting'],['report']
Included,['included'],['includ']
Biz,['biz'],['biz']
plusAdvanced,['plusadvanced'],['plusadvanc']
reporting,['reporting'],['report']
Included,['included'],['includ']
EnterpriseERP-integrated,['enterpriseerp-integrated'],['enterpriseerpintegr']
reportingERP-integrated,['reportingerp-integrated'],['reportingerpintegr']
reporting,['reporting'],['report']
included,['included'],['includ']
BizERP-integrated,['bizerp-integrated'],['bizerpintegr']
reporting,['reporting'],['report']
included,['included'],['includ']
Biz,['biz'],['biz']
plusERP-integrated,['pluserp-integrated'],['pluserpintegr']
reporting,['reporting'],['report']
Included,['included'],['includ']
EnterpriseVerticalsBizBiz+EnterpriseFlightsFlights,['enterpriseverticalsbizbiz+enterpriseflightsflights'],['enterpriseverticalsbizbizenterpriseflightsflight']
Included,['included'],['includ']
BizFlights,['bizflights'],['bizflight']
Included,['included'],['includ']
Biz,['biz'],['biz']
plusFlights,['plusflights'],['plusflight']
Included,['included'],['includ']
EnterpriseHotelsHotels,['enterprisehotelshotels'],['enterprisehotelshotel']
Included,['included'],['includ']
BizHotels,['bizhotels'],['bizhotel']
Included,['included'],['includ']
Biz,['biz'],['biz']
plusHotels,['plushotels'],['plushotel']
Included,['included'],['includ']
EnterpriseRental,['enterpriserental'],['enterpriserent']
carsRental,['carsrental'],['carsrent']
cars,['cars'],['car']
Included,['included'],['includ']
BizRental,['bizrental'],['bizrent']
cars,['cars'],['car']
Included,['included'],['includ']
Biz,['biz'],['biz']
plusRental,['plusrental'],['plusrent']
cars,['cars'],['car']
Included,['included'],['includ']
EnterpriseTrainsTrains,['enterprisetrainstrains'],['enterprisetrainstrain']
Included,['included'],['includ']
BizTrains,['biztrains'],['biztrain']
Included,['included'],['includ']
Biz,['biz'],['biz']
plusTrains,['plustrains'],['plustrain']
Included,['included'],['includ']
EnterpriseGround,['enterpriseground'],['enterpriseground']
transportationGround,['transportationground'],['transportationground']
transportation,['transportation'],['transport']
included,['included'],['includ']
BizGround,['bizground'],['bizground']
transportation,['transportation'],['transport']
Included,['included'],['includ']
Biz,['biz'],['biz']
plusGround,['plusground'],['plusground']
transportation,['transportation'],['transport']
Included,['included'],['includ']
EnterpriseContentBizBiz+EnterpriseDiscounted,['enterprisecontentbizbiz+enterprisediscounted'],['enterprisecontentbizbizenterprisediscount']
corporate,['corporate'],['corpor']
ratesDiscounted,['ratesdiscounted'],['ratesdiscount']
corporate,['corporate'],['corpor']
rates,['rates'],['rate']
Included,['included'],['includ']
BizDiscounted,['bizdiscounted'],['bizdiscount']
corporate,['corporate'],['corpor']
rates,['rates'],['rate']
Included,['included'],['includ']
Biz,['biz'],['biz']
plusDiscounted,['plusdiscounted'],['plusdiscount']
corporate,['corporate'],['corpor']
rates,['rates'],['rate']
Included,['included'],['includ']
EnterpriseGDSGDS,['enterprisegdsgds'],['enterprisegdsgd']
Included,['included'],['includ']
BizGDS,['bizgds'],['bizgd']
Included,['included'],['includ']
Biz,['biz'],['biz']
plusGDS,['plusgds'],['plusgd']
Included,['included'],['includ']
EnterpriseNDC/directNDC/direct,['enterprisendc/directndc/direct'],['enterprisendcdirectndcdirect']
Included,['included'],['includ']
BizNDC/direct,['bizndc/direct'],['bizndcdirect']
Included,['included'],['includ']
Biz,['biz'],['biz']
plusNDC/direct,['plusndc/direct'],['plusndcdirect']
Included,['included'],['includ']
EnterpriseLCCLCC,['enterpriselcclcc'],['enterpriselcclcc']
Included,['included'],['includ']
BizLCC,['bizlcc'],['bizlcc']
Included,['included'],['includ']
Biz,['biz'],['biz']
plusLCC,['pluslcc'],['pluslcc']
Included,['included'],['includ']
EnterpriseWholesaleWholesale,['enterprisewholesalewholesale'],['enterprisewholesalewholesal']
Included,['included'],['includ']
BizWholesale,['bizwholesale'],['bizwholesal']
Included,['included'],['includ']
Biz,['biz'],['biz']
plusWholesale,['pluswholesale'],['pluswholesal']
Included,['included'],['includ']
EnterpriseConsolidatorConsolidator,['enterpriseconsolidatorconsolidator'],['enterpriseconsolidatorconsolid']
Included,['included'],['includ']
BizConsolidator,['bizconsolidator'],['bizconsolid']
Included,['included'],['includ']
Biz,['biz'],['biz']
plusConsolidator,['plusconsolidator'],['plusconsolid']
Included,['included'],['includ']
EnterpriseAggregatorAggregator,['enterpriseaggregatoraggregator'],['enterpriseaggregatoraggreg']
Included,['included'],['includ']
BizAggregator,['bizaggregator'],['bizaggreg']
Included,['included'],['includ']
Biz,['biz'],['biz']
plusAggregator,['plusaggregator'],['plusaggreg']
Included,['included'],['includ']
EnterpriseNDC-XNDC-X,['enterprisendc-xndc-x'],['enterprisendcxndcx']
included,['included'],['includ']
BizNDC-X,['bizndc-x'],['bizndcx']
Included,['included'],['includ']
Biz,['biz'],['biz']
plusNDC-X,['plusndc-x'],['plusndcx']
Included,['included'],['includ']
EnterpriseCustom,['enterprisecustom'],['enterprisecustom']
negotiated,['negotiated'],['negoti']
ratesCustom,['ratescustom'],['ratescustom']
negotiated,['negotiated'],['negoti']
rates,['rates'],['rate']
included,['included'],['includ']
BizCustom,['bizcustom'],['bizcustom']
negotiated,['negotiated'],['negoti']
rates,['rates'],['rate']
included,['included'],['includ']
Biz,['biz'],['biz']
plusCustom,['pluscustom'],['pluscustom']
negotiated,['negotiated'],['negoti']
rates,['rates'],['rate']
Included,['included'],['includ']
EnterprisePaymentBizBiz+EnterpriseCompany,['enterprisepaymentbizbiz+enterprisecompany'],['enterprisepaymentbizbizenterprisecompani']
credit,['credit'],['credit']
cardCompany,['cardcompany'],['cardcompani']
credit,['credit'],['credit']
card,['card'],['card']
included,['included'],['includ']
BizCompany,['bizcompany'],['bizcompani']
credit,['credit'],['credit']
card,['card'],['card']
Included,['included'],['includ']
Biz,['biz'],['biz']
plusCompany,['pluscompany'],['pluscompani']
credit,['credit'],['credit']
card,['card'],['card']
Included,['included'],['includ']
EnterpriseAlternative,['enterprisealternative'],['enterprisealtern']
paymentAlternative,['paymentalternative'],['paymentaltern']
payment,['payment'],['payment']
included,['included'],['includ']
BizAlternative,['bizalternative'],['bizaltern']
payment,['payment'],['payment']
included,['included'],['includ']
Biz,['biz'],['biz']
plusAlternative,['plusalternative'],['plusaltern']
payment,['payment'],['payment']
Included,['included'],['includ']
EnterpriseDirect,['enterprisedirect'],['enterprisedirect']
billingDirect,['billingdirect'],['billingdirect']
billing,['billing'],['bill']
included,['included'],['includ']
BizDirect,['bizdirect'],['bizdirect']
billing,['billing'],['bill']
included,['included'],['includ']
Biz,['biz'],['biz']
plusDirect,['plusdirect'],['plusdirect']
billing,['billing'],['bill']
Included,['included'],['includ']
EnterpriseIntegrationsBizBiz+EnterpriseSingle,['enterpriseintegrationsbizbiz+enterprisesingle'],['enterpriseintegrationsbizbizenterprisesingl']
sign-onSingle,['sign-onsingle'],['signonsingl']
sign-on,['sign-on'],['signon']
Included,['included'],['includ']
BizSingle,['bizsingle'],['bizsingl']
sign-on,['sign-on'],['signon']
Included,['included'],['includ']
Biz,['biz'],['biz']
plusSingle,['plussingle'],['plussingl']
sign-on,['sign-on'],['signon']
Included,['included'],['includ']
EnterpriseCalendarCalendar,['enterprisecalendarcalendar'],['enterprisecalendarcalendar']
Included,['included'],['includ']
BizCalendar,['bizcalendar'],['bizcalendar']
Included,['included'],['includ']
Biz,['biz'],['biz']
plusCalendar,['pluscalendar'],['pluscalendar']
Included,['included'],['includ']
EnterpriseExpenseExpense,['enterpriseexpenseexpense'],['enterpriseexpenseexpens']
Included,['included'],['includ']
BizExpense,['bizexpense'],['bizexpens']
Included,['included'],['includ']
Biz,['biz'],['biz']
plusExpense,['plusexpense'],['plusexpens']
Included,['included'],['includ']
EnterpriseSlackSlack,['enterpriseslackslack'],['enterpriseslackslack']
Included,['included'],['includ']
BizSlack,['bizslack'],['bizslack']
Included,['included'],['includ']
Biz,['biz'],['biz']
plusSlack,['plusslack'],['plusslack']
Included,['included'],['includ']
EnterpriseDuty,['enterpriseduty'],['enterpriseduti']
careDuty,['careduty'],['careduti']
care,['care'],['care']
included,['included'],['includ']
BizDuty,['bizduty'],['bizduti']
care,['care'],['care']
Included,['included'],['includ']
Biz,['biz'],['biz']
plusDuty,['plusduty'],['plusduti']
care,['care'],['care']
Included,['included'],['includ']
EnterpriseCventCvent,['enterprisecventcvent'],['enterprisecventcv']
included,['included'],['includ']
BizCvent,['bizcvent'],['bizcvent']
included,['included'],['includ']
Biz,['biz'],['biz']
plusCvent,['pluscvent'],['pluscvent']
Included,['included'],['includ']
EnterpriseERPERP,['enterpriseerperp'],['enterpriseerperp']
included,['included'],['includ']
BizERP,['bizerp'],['bizerp']
included,['included'],['includ']
Biz,['biz'],['biz']
plusERP,['pluserp'],['pluserp']
Included,['included'],['includ']
EnterpriseHRHR,['enterprisehrhr'],['enterprisehrhr']
included,['included'],['includ']
BizHR,['bizhr'],['bizhr']
included,['included'],['includ']
Biz,['biz'],['biz']
plusHR,['plushr'],['plushr']
Included,['included'],['includ']
EnterpriseRe-shoppingRe-shopping,['enterprisere-shoppingre-shopping'],['enterprisereshoppingreshop']
included,['included'],['includ']
BizRe-shopping,['bizre-shopping'],['bizreshop']
included,['included'],['includ']
Biz,['biz'],['biz']
plusRe-shopping,['plusre-shopping'],['plusreshop']
Included,['included'],['includ']
Tracking,['tracking'],['track']
included,['included'],['includ']
Tracking,['tracking'],['track']
Included,['included'],['includ']
Biz,['biz'],['biz']
Tracking,['tracking'],['track']
Included,['included'],['includ']
EnterpriseCarbon,['enterprisecarbon'],['enterprisecarbon']
offsettingCarbon,['offsettingcarbon'],['offsettingcarbon']
offsetting,['offsetting'],['offset']
included,['included'],['includ']
BizCarbon,['bizcarbon'],['bizcarbon']
offsetting,['offsetting'],['offset']
Included,['included'],['includ']
Biz,['biz'],['biz']
plusCarbon,['pluscarbon'],['pluscarbon']
offsetting,['offsetting'],['offset']
Included,['included'],['includ']
EnterpriseProgram,['enterpriseprogram'],['enterpriseprogram']
managementBizBiz+EnterpriseChange,['managementbizbiz+enterprisechange'],['managementbizbizenterprisechang']
managementChange,['managementchange'],['managementchang']
management,['management'],['manag']
included,['included'],['includ']
BizChange,['bizchange'],['bizchang']
management,['management'],['manag']
Included,['included'],['includ']
Biz,['biz'],['biz']
plusChange,['pluschange'],['pluschang']
management,['management'],['manag']
Included,['included'],['includ']
EnterpriseAccount,['enterpriseaccount'],['enterpriseaccount']
managementAccount,['managementaccount'],['managementaccount']
management,['management'],['manag']
included,['included'],['includ']
BizAccount,['bizaccount'],['bizaccount']
management,['management'],['manag']
Included,['included'],['includ']
Biz,['biz'],['biz']
plusAccount,['plusaccount'],['plusaccount']
management,['management'],['manag']
Included,['included'],['includ']
EnterpriseDedicated,['enterprisededicated'],['enterpriseded']
account,['account'],['account']
managementDedicated,['managementdedicated'],['managementded']
account,['account'],['account']
management,['management'],['manag']
included,['included'],['includ']
BizDedicated,['bizdedicated'],['bizded']
account,['account'],['account']
management,['management'],['manag']
included,['included'],['includ']
Biz,['biz'],['biz']
plusDedicated,['plusdedicated'],['plusded']
account,['account'],['account']
management,['management'],['manag']
Included,['included'],['includ']
EnterpriseCost,['enterprisecost'],['enterprisecost']
flat,['flat'],['flat']
fee,['fee'],['fee']
per,['per'],['per']
trip*No,['trip'],['tripno']
subscriptionNo,['subscriptionno'],['subscriptionno']
commitmentCustom,['commitmentcustom'],['commitmentcustom']
pricingSign,['pricingsign'],['pricingsign']
nowGet,['nowget'],['nowget']
early,['early'],['earli']
accessFind,['accessfind'],['accessfind']
moreBizFreeSign,['morebizfreesign'],['morebizfreesign']
nowThrifty,['nowthrifty'],['nowthrifti']
travel,['travel'],['travel']
small,['small'],['small']
companies,['companies'],['compani']
solo,['solo'],['solo']
business,['business'],['busi']
travelers,['travelers'],['travel']
looking,['looking'],['look']
maximize,['maximize'],['maxim']
miles.Biz+Coming,['miles.biz+coming'],['milesbizcom']
flat,['flat'],['flat']
fee,['fee'],['fee']
per,['per'],['per']
trip*No,['trip'],['tripno']
subscriptionNo,['subscriptionno'],['subscriptionno']
commitmentGet,['commitmentget'],['commitmentget']
early,['early'],['earli']
accessOne-stop,['accessone-stop'],['accessonestop']
shop,['shop'],['shop']
booking,['booking'],['book']
oversight,['oversight'],['oversight']
midsize,['midsize'],['midsiz']
companies,['companies'],['compani']
scale,['scale'],['scale']
ups.,['ups'],['up']
subscription,['subscription'],['subscript']
needed.EnterpriseCustom,['needed.enterprisecustom'],['neededenterprisecustom']
pricingFind,['pricingfind'],['pricingfind']
moreComprehensive,['morecomprehensive'],['morecomprehens']
travel,['travel'],['travel']
management,['management'],['manag']
large,['large'],['larg']
corporations,['corporations'],['corpor']
bespoke,['bespoke'],['bespok']
requirements.*,['requirements'],['requir']
Trips,['trips'],['trip']
include,['include'],['includ']
multiple,['multiple'],['multipl']
bookings,['bookings'],['book']
like,['like'],['like']
flight,['flight'],['flight']
hotel.The,['hotel.the'],['hotelth']
fee,['fee'],['fee']
included,['included'],['includ']
final,['final'],['final']
price,['price'],['price']
charged,['charged'],['charg']
separate,['separate'],['separ']
transaction,['transaction'],['transact']
easier,['easier'],['easier']
expense,['expense'],['expens']
tracking.Frequently,['tracking.frequently'],['trackingfrequ']
Asked,['asked'],['ask']
QuestionsWhat,['questionswhat'],['questionswhat']
KAYAK,['kayak'],['kayak']
Business?What,['business'],['businesswhat']
makes,['makes'],['make']
KAYAK,['kayak'],['kayak']
Business,['business'],['busi']
different?How,['different'],['differenthow']
much,['much'],['much']
cost?Is,['cost'],['costi']
minimum,['minimum'],['minimum']
commitment,['commitment'],['commit']
period?Is,['period'],['periodi']
app?Top,"['app', 'top']",['apptop']
International,['international'],['intern']
Flight,['flight'],['flight']
Routes.Cheap,['routes.cheap'],['routescheap']
"flights,",['flights'],['flight']
"hotels,",['hotels'],['hotel']
rental,['rental'],['rental']
cars,['cars'],['car']
travel,['travel'],['travel']
deals:KAYAK,"['deals', 'kayak']",['dealskayak']
searches,['searches'],['search']
hundreds,['hundreds'],['hundr']
travel,['travel'],['travel']
sites,['sites'],['site']
find,['find'],['find']
best,['best'],['best']
deals,['deals'],['deal']
airline,['airline'],['airlin']
"tickets,",['tickets'],['ticket']
cheap,['cheap'],['cheap']
"hotels,",['hotels'],['hotel']
cheap,['cheap'],['cheap']
"cruises,",['cruises'],['cruis']
vacations,['vacations'],['vacat']
rental,['rental'],['rental']
cars.Not,['cars.not'],['carsnot']
looking,['looking'],['look']
Find,['find'],['find']
thousands,['thousands'],['thousand']
"hotels,",['hotels'],['hotel']
"flights,",['flights'],['flight']
car,['car'],['car']
rentals,['rentals'],['rental']
trains,['trains'],['train']
buses,['buses'],['buse']
KAYAK.,['kayak'],['kayak']
